file,role,rows,sha256,file_id,library_path,routes
expanded_melee_weapons_canonical_multigenre_v2.csv,CURRENT_PRIMARY_SOURCE_AUTHORITY,1000,cfe5f95ecc40b8b84068bc9ddb1b374e0349360c852a0c47bedf4df21caddf9f,file_000000008fc881f6b9235da8fd6117fd,/Multiversal Canonical Game Objects/expanded_melee_weapons_canonical_multigenre_v2.csv,ITEM_DEFINITION:weapon
expanded_ranged_weapons_canonical_multigenre_v2.csv,CURRENT_PRIMARY_SOURCE_AUTHORITY,1000,affec9f1a2678326addfa2bbe8394ffdec4cf78154f6a64e8ea6a37c6bb28d71,file_00000000d11c81f6a410773da6515c55,/Multiversal Canonical Game Objects/expanded_ranged_weapons_canonical_multigenre_v2.csv,ITEM_DEFINITION:weapon
expanded_armor_and_shields_all_genres.csv,CURRENT_PRIMARY_SOURCE_AUTHORITY,263,017b38bd4e74be1086722c793b11abbda1e946f0a7c7b0b0c6314f67dd21b7b6,file_00000000d0ac82308fd4d8d6e720230e,,ITEM_DEFINITION:armor;ITEM_DEFINITION:shield
expanded_items_all_genres.csv,CURRENT_PRIMARY_SOURCE_AUTHORITY,761,f67a02a7d36e39f4837dbca4c2b75e3773fe6a0a8de58c278b2703c2b45d5cee,file_0000000043d481fd8b0ffee4ae61551c,,ITEM_DEFINITION:general;ITEM_DEFINITION:container;ITEM_DEFINITION:consumable;ITEM_DEFINITION:tool;ITEM_DEFINITION:device
expanded_magitech_items_all_genres.csv,CURRENT_PRIMARY_SOURCE_AUTHORITY,532,9835233c515f90917d022e540cce221df724320775a8c6fbbc8e0f27c8cd3a55,file_0000000045dc81fdb67079e9833a3a86,,ITEM_DEFINITION:magitech;ITEM_DEFINITION:magic_implement;ITEM_DEFINITION:weapon;ITEM_DEFINITION:device
expanded_concoctions_and_charge_items_all_genres.csv,CURRENT_PRIMARY_SOURCE_AUTHORITY,465,2f92a38873cb297ffac18bc263cd2ffd0deb74e327c619876882adfe9014dc37,file_0000000020f881fda7476c2df60b6d18,,ITEM_DEFINITION:consumable;ITEM_DEFINITION:medicine;ITEM_DEFINITION:toxin;ITEM_DEFINITION:charge_item
expanded_eva_suits_and_modules_all_genres.csv,CURRENT_PRIMARY_SOURCE_AUTHORITY,430,e81d19f521d956a4955e418a9701db761a781911fd697c5b92fcde3ad61512b1,file_00000000b34081f78444321bb30ab938,,ITEM_DEFINITION:eva_suit;ITEM_DEFINITION:module
expanded_symbiotes_and_cybernetics_all_genres.csv,CURRENT_PRIMARY_SOURCE_AUTHORITY,572,37af1a950d1f7642c65c00475a96545b70225622c8b2c86f9f399b585e57d8a2,file_00000000d3648230bd1c31e0c9cc3124,,ITEM_DEFINITION:symbiote;ITEM_DEFINITION:implant;ITEM_DEFINITION:cybernetic_modification
expanded_bases_facilities_materials_and_homesteads_all_genres.csv,CURRENT_PRIMARY_SOURCE_AUTHORITY,1080,bfc80daf90be3f6b1f28e484cccc8333bb25bdc7fa66eb935e54e2b5f7c283cb,file_0000000092548230a98e815c44cbd752,,MIXED_OBJECT:facility;MIXED_OBJECT:base;ITEM_DEFINITION:material;MIXED_OBJECT:homestead
expanded_computers_all_genres.csv,CURRENT_PRIMARY_SOURCE_AUTHORITY,1000,ec20b7ba6967a8c0533f6ca2ccf6f46b9bb72151ba3d3723432c4b6cdbfeee9d,file_00000000dd2481fdbc96f118950e81b3,,ITEM_DEFINITION:computer;ITEM_DEFINITION:software;ITEM_DEFINITION:module
expanded_land_sea_air_vehicles_all_genres.csv,CURRENT_PRIMARY_SOURCE_AUTHORITY,1200,2edd4f50d18d7d629c1a268122d1d4846e3df364da9b9c45f666359ba0dd791c,file_00000000d5ac81fdaa095c34ee93f163,,VEHICLE_DEFINITION
expanded_spacecraft_and_components_all_genres.csv,CURRENT_PRIMARY_SOURCE_AUTHORITY,2311,00ce4a9d5730ac413d22813325ff3ace7e0c7b0445e9bcd0af45aa2911962c6f,file_00000000df288230b4486fdf9c20602a,,SPACECRAFT_DEFINITION;PLATFORM_COMPONENT
expanded_mecha_and_components_all_genres.csv,CURRENT_PRIMARY_SOURCE_AUTHORITY,2117,60ff6a730f5a1d50dd4622da5d199be4f753b1933acfe9d087d5bf21b4a8bf0f,file_00000000c09081fdbf9e40e49dbc3db5,,MECHA_DEFINITION;PLATFORM_COMPONENT
expanded_hazards_and_traps_all_genres.csv,CURRENT_PRIMARY_SOURCE_AUTHORITY,1901,391854834b50bdf175fe0bdd949280adbff67918889daae662fb40c40c418417,file_00000000c77082119127883ac6c7850a,,HAZARD_DEFINITION;ITEM_DEFINITION:trap;ITEM_DEFINITION:deployable
expanded_living_spellbooks_and_magic_charge_holders_all_genres.csv,CURRENT_PRIMARY_SOURCE_AUTHORITY,1501,9330cb953171667374e7233c9dbf70fcc2261c163006c7832d33a8976d7e353d,file_00000000af488230bd115bd721eeb682,,ITEM_DEFINITION:living_spellbook;ITEM_DEFINITION:magic_charge_holder;ITEM_DEFINITION:magic_implement
multiversal_books_catalog_2400.csv,CURRENT_SUPPLEMENTAL_OBJECT_SOURCE,2400,9310d29b0323d61abbfde3c8d3a24195dc09daf061a20a8fcf21c6996e47627f,file_00000000dc0881fdbd26f584c4c23e3f,,ITEM_DEFINITION:book;INFORMATION_OBJECT
multiversal_fruits_batch1.csv,CURRENT_SUPPLEMENTAL_UNMERGED_OBJECT_SOURCE,17,93c7cd2435b152142fed4f793e7737e114f23d464e406f99a27ae5a9213891a5,file_000000003b8871fd8e788ee42193000e,,ITEM_DEFINITION:food;ITEM_DEFINITION:ingredient;ITEM_DEFINITION:material
multiversal_fruits_nuts_batch3.csv,CURRENT_SUPPLEMENTAL_UNMERGED_OBJECT_SOURCE,10,1318de97541ef3a08b1fa25c07b6bb1cf356452a5baac64a91ae087e68b10c0a,file_0000000025c071fd8c8030241322feca,,ITEM_DEFINITION:food;ITEM_DEFINITION:ingredient;ITEM_DEFINITION:material
multiversal_cultural_ephemera_5000.csv,CURRENT_CROSS_DOMAIN_ROUTING_REQUIRED,5000,00936a346b49656ed96a6cae0260da2a3266f2ba7336501da3bc8e52ebdc7868,file_00000000ff6481fd8f95225bbc5e83cf,,SERVICE_FACILITY;INFORMATION_OBJECT;ITEM_CANDIDATE;WORLD_CONTENT;RELATIONSHIP_CANDIDATE
