dimension_id,dimension_key,definition
OGR-DIM-01,identity_provenance,"Stable identity, source ancestry, provenance, aliases/supersession and no unresolved identity conflict."
OGR-DIM-02,taxonomy_classification,"Correct current taxonomy/domain routing with controlled values and explicit unresolved state."
OGR-DIM-03,descriptive_metadata,"Required name/description/use/context metadata is sufficient for GM/player comprehension; unknowns are explicit."
OGR-DIM-04,context_compatibility,"Intrinsic requirements, affinity/context, availability/legality distinctions and compatibility semantics are valid where applicable."
OGR-DIM-05,relationships_lineage,"Required parentage, compatibility, ammunition/power/component/product/creator/lineage links are canonical or explicitly unresolved."
OGR-DIM-06,mechanics,"Current-rule mechanics/effects/resources/limits are complete enough for the record role and pass domain checks."
OGR-DIM-07,runtime_behavior,"Applicable runtime operations are bound to A8/F014/etc. without duplicating definition/instance state."
OGR-DIM-08,validation,"Schema, reference, provenance, permission, save/load/offline/pack and domain regressions pass as applicable."
OGR-DIM-09,playtest,"Representative or focused playtest evidence exists for novel/high-risk mechanics; routine records may inherit validated cohort evidence."
