Source_Collection,Collection_Record_ID,Member_Record_Count,Preset_ID,Preset_Name,Overlay_ID,Canonical_Link_Count,Reconciliation_State,Inference_Authorized,Authority_Note
"Abandoned Space Station","ABL3-00403","12","ENVPRESET-09A74188F0A7","Abandoned Space Station","","0","source_collection_present_not_canonically_promoted","NO","Source collection exists, but promotion package created no canonical links for this profile."
"Ancient Temple Perks","ABL3-00442","5","ENVPRESET-64200FBCF92E","Ancient Temples","","0","source_collection_present_not_canonically_promoted","NO","Source collection exists, but promotion package created no canonical links for this profile."
"Arctic Tundra and Taiga Perks","ABL3-00246","4","ENVPRESET-D339447208B4","Arctic Tundra and Taiga","","0","source_collection_present_not_canonically_promoted","NO","Source collection exists, but promotion package created no canonical links for this profile."
"Ashlands (Volcanic or Fire-Ravaged Wasteland)","ABL3-00284","10","ENVPRESET-7708CBB27247","Ashland","","4","canonical_links_preserved","NO","Preserve exact canonical links only; remaining source members retain source-supported status."
"Asteroid Field","ABL3-00332","12","ENVPRESET-E39FBC0406F8","Asteroid Field","","0","source_collection_present_not_canonically_promoted","NO","Source collection exists, but promotion package created no canonical links for this profile."
"At Sea (Open Ocean) Perks","ABL3-00317","4","ENVPRESET-839312524399","At Sea","","4","canonical_links_preserved","NO","Preserve exact canonical links only; remaining source members retain source-supported status."
"Black Hole Proximity","ABL3-00429","12","ENVPRESET-49411B4A3073","Black Hole Proximity","","0","source_collection_present_not_canonically_promoted","NO","Source collection exists, but promotion package created no canonical links for this profile."
"Bustling Metropolis Perks","ABL3-00221","4","ENVPRESET-BDCE065F24A7","Bustling Metropolis","","4","canonical_links_preserved","NO","Preserve exact canonical links only; remaining source members retain source-supported status."
"Bustling Space Station","ABL3-00193","12","ENVPRESET-2B1911EAC380","Bustling Space Station","","0","source_collection_present_not_canonically_promoted","NO","Source collection exists, but promotion package created no canonical links for this profile."
"Caves & Caverns Perks","ABL3-00371","5","ENVPRESET-536D4B0C5312","Caves and Caverns","","0","source_collection_present_not_canonically_promoted","NO","Source collection exists, but promotion package created no canonical links for this profile."
"Chaos and Foam Environment Perk Tree","ABL3-00480","8","","","OVL-SUP-CHAOS-FOAM","0","source_backed_overlay_context_seam","NO","Exact Chaos/Foam context seam only; member perks remain ability-system-owned and are not auto-granted."
"Cyberpunk City Perks","ABL3-00206","4","ENVPRESET-D685069FA781","Cyberpunk City","","4","canonical_links_preserved","NO","Preserve exact canonical links only; remaining source members retain source-supported status."
"Flooded Suburbs","ABL3-00251","10","ENVPRESET-0D4B81978C1A","Flooded Suburbs","","4","canonical_links_preserved","NO","Preserve exact canonical links only; remaining source members retain source-supported status."
"Gas Giant Upper Atmosphere","ABL3-00345","12","ENVPRESET-D69B988CD5E0","Gas Giant Upper Atmosphere","","0","source_collection_present_not_canonically_promoted","NO","Source collection exists, but promotion package created no canonical links for this profile."
"Island Perks","ABL3-00295","4","ENVPRESET-3ACFB0214F20","Island Chain","","0","source_collection_present_not_canonically_promoted","NO","Source collection exists, but promotion package created no canonical links for this profile."
"Mangrove Swamp Perks","ABL3-00312","4","ENVPRESET-3202B9AFFBB0","Mangrove Swamp","","4","canonical_links_preserved","NO","Preserve exact canonical links only; remaining source members retain source-supported status."
"Marketplace Perks","ABL3-00216","4","ENVPRESET-DFD76B3ECBEF","Marketplace","","4","canonical_links_preserved","NO","Preserve exact canonical links only; remaining source members retain source-supported status."
"Nomadic Camp Perks","ABL3-00231","4","ENVPRESET-DF973DEAEF4C","Nomadic Camp","","4","canonical_links_preserved","NO","Preserve exact canonical links only; remaining source members retain source-supported status."
"Port City Perks","ABL3-00226","4","ENVPRESET-617F39174A2A","Port City","","4","canonical_links_preserved","NO","Preserve exact canonical links only; remaining source members retain source-supported status."
"Post-Apocalyptic Overgrown City","ABL3-00459","10","ENVPRESET-77BDAB9A5BF8","Post-Apocalyptic Overgrown City","","4","canonical_links_preserved","NO","Preserve exact canonical links only; remaining source members retain source-supported status."
"Post-Apocalyptic Radioactive Zone","ABL3-00448","10","ENVPRESET-5B1F4F1EAFE1","Post-Apocalyptic Radioactive Zone","","0","source_collection_present_not_canonically_promoted","NO","Source collection exists, but promotion package created no canonical links for this profile."
"Rainforest/Jungle Perks","ABL3-00241","4","ENVPRESET-19AC3BF47645","Rainforest or Jungle","","0","source_collection_present_not_canonically_promoted","NO","Source collection exists, but promotion package created no canonical links for this profile."
"Rocky Highlands & Mountains Perks","ABL3-00300","6","ENVPRESET-701FFC266DEC","Rocky Highlands and Mountains","","4","canonical_links_preserved","NO","Preserve exact canonical links only; remaining source members retain source-supported status."
"Sandy Desert Perks","ABL3-00383","6","ENVPRESET-7C39E3F7B7B8","Sandy Desert","","4","canonical_links_preserved","NO","Preserve exact canonical links only; remaining source members retain source-supported status."
"Sewers & Forgotten Catacombs Perks","ABL3-00365","5","ENVPRESET-9BC0823DF786","Sewers and Forgotten Catacombs","","0","source_collection_present_not_canonically_promoted","NO","Source collection exists, but promotion package created no canonical links for this profile."
"Skeleton Highways","ABL3-00273","10","ENVPRESET-CE188D232B51","Skeletons of Highways","","0","source_collection_present_not_canonically_promoted","NO","Source collection exists, but promotion package created no canonical links for this profile."
"Slums and Alleyways Perks","ABL3-00211","4","ENVPRESET-07BE134638DA","Slums and Alleyways","","4","canonical_links_preserved","NO","Preserve exact canonical links only; remaining source members retain source-supported status."
"Small Town or Hamlet Perks","ABL3-00475","4","ENVPRESET-49714607CDD6","Small Town or Hamlet","","4","canonical_links_preserved","NO","Preserve exact canonical links only; remaining source members retain source-supported status."
"Space Graveyard / Starship Junkyard","ABL3-00416","12","ENVPRESET-E8B22149DA3E","Space Graveyard and Starship Junkyard","","0","source_collection_present_not_canonically_promoted","NO","Source collection exists, but promotion package created no canonical links for this profile."
"Special Perks (Applicable to Multiple Environments)","ABL3-00377","5","","","","0","multi_environment_source_collection_not_preset_specific","NO","Ability-system-owned shared source collection; no preset attachment inferred."
"Sunken City Perks","ABL3-00470","4","ENVPRESET-0B08D18F0134","Sunken City","","0","source_collection_present_not_canonically_promoted","NO","Source collection exists, but promotion package created no canonical links for this profile."
"Swamp Perks","ABL3-00307","4","ENVPRESET-BB71C8719980","Swamps","","4","canonical_links_preserved","NO","Preserve exact canonical links only; remaining source members retain source-supported status."
"Temperate Forest Perks","ABL3-00236","4","ENVPRESET-0147CB5991C8","Temperate Forest","","0","source_collection_present_not_canonically_promoted","NO","Source collection exists, but promotion package created no canonical links for this profile."
"The Void (Open Space)","ABL3-00390","12","ENVPRESET-29F129444A76","The Void","","0","source_collection_present_not_canonically_promoted","NO","Source collection exists, but promotion package created no canonical links for this profile."
"Underground Bunker","ABL3-00262","10","ENVPRESET-FF8F0B4B4C46","Underground Bunker Network","","0","source_collection_present_not_canonically_promoted","NO","Source collection exists, but promotion package created no canonical links for this profile."
"Underwater (Lake or Ocean) Perks","ABL3-00322","4","ENVPRESET-8732D6327E25","Underwater","","4","canonical_links_preserved","NO","Preserve exact canonical links only; remaining source members retain source-supported status."
"Underwater Caves Perks","ABL3-00327","4","ENVPRESET-646E783454A9","Underwater Caves","","4","canonical_links_preserved","NO","Preserve exact canonical links only; remaining source members retain source-supported status."
"Volcanic Perks","ABL3-00358","6","ENVPRESET-06612C283234","Volcano","","0","source_collection_present_not_canonically_promoted","NO","Source collection exists, but promotion package created no canonical links for this profile."
